Study_Hours,Attendance_%,Assignment_Marks,Quiz_Marks,Previous_GPA,Weak_Subject,Exam_Days_Left,Performance_Class
43,91,44,90,2.99,IT31042: Mobile Computing,59,Excellent
23,62,53,32,1.55,IT21022: System Analysis and Design,3,Average
28,83,59,67,1.5,IT21043: Advanced Database Management Systems,22,Excellent
37,51,87,51,1.52,IT32033: Cyber Security,26,Excellent
31,98,71,89,2.42,IT11012: Information Technology Concepts,48,Excellent
7,76,80,36,1.93,IT22032: Operating Systems,40,Good
22,43,89,43,3.52,IT11012: Information Technology Concepts,10,Excellent
30,92,31,89,1.81,IT21022: System Analysis and Design,9,Excellent
39,53,65,79,3.16,IT31042: Mobile Computing,3,Excellent
10,93,33,83,1.58,IT22013: Data Structures and Algorithms,19,Good
30,83,63,91,3.82,IT11022: Fundamentals of Computer Programming,32,Excellent
19,47,91,69,3.61,IT11022: Fundamentals of Computer Programming,46,Excellent
22,86,82,53,2.39,IT11042: Fundamentals of Computer Systems,46,Excellent
33,54,74,94,1.54,IT31042: Mobile Computing,10,Excellent
28,40,37,92,3.54,IT12023: Object Oriented Programming,18,Excellent
12,74,64,62,3.01,IT12023: Object Oriented Programming,43,Excellent
43,97,70,57,3.66,IT31042: Mobile Computing,9,Excellent
16,73,62,77,2.43,IT22032: Operating Systems,25,Excellent
41,74,73,64,2.68,IT31093: Essentials of Artificial Intelligence,38,Excellent
18,42,30,34,2.9,IT12033: Fundamentals of Database Management Systems,15,Average
43,66,38,44,1.78,IT32073: Machine Learning,14,Excellent
36,78,81,33,3.77,IT32012: Distributed Systems,24,Excellent
43,84,44,72,2.01,IT21013: Rapid Application Development,14,Excellent
36,46,88,57,3.82,IT41032: Advanced Computer Network Systems II,46,Excellent
10,67,57,73,2.54,IT41043: Database Administration,12,Good
32,64,91,30,2.07,IT31042: Mobile Computing,58,Excellent
17,80,32,99,2.78,IT12033: Fundamentals of Database Management Systems,10,Excellent
41,72,80,73,2.11,IT41013: Data Mining and Data Warehousing,55,Excellent
36,71,81,91,3.93,IT22032: Operating Systems,53,Excellent
16,78,31,32,2.25,IT12042: Computer Systems Architecture,50,Good
21,98,31,31,2.53,IT12023: Object Oriented Programming,24,Excellent
41,71,30,48,3.2,IT11022: Fundamentals of Computer Programming,54,Excellent
30,71,99,61,2.98,IT41032: Advanced Computer Network Systems II,56,Excellent
15,95,46,67,2.42,IT32073: Machine Learning,53,Excellent
38,45,40,45,3.59,IT31062: Information and Data Security,7,Excellent
20,68,32,49,2.31,IT12062: Computer Network Systems I,37,Good
23,65,96,48,2.37,IT32033: Cyber Security,8,Excellent
37,79,68,30,3.19,IT22022: Software Engineering,58,Excellent
29,89,52,60,3.69,IT12042: Computer Systems Architecture,36,Excellent
11,99,45,89,2.15,IT31093: Essentials of Artificial Intelligence,2,Excellent
16,44,66,61,3.08,IT22022: Software Engineering,10,Good
39,58,77,32,3.64,IT21022: System Analysis and Design,55,Excellent
37,63,65,67,3.17,IT41032: Advanced Computer Network Systems II,36,Excellent
29,74,54,47,1.9,IT22022: Software Engineering,19,Excellent
6,93,64,90,2.06,IT21043: Advanced Database Management Systems,34,Excellent
8,72,43,50,1.95,IT21013: Rapid Application Development,57,Average
12,46,96,46,2.27,IT32012: Distributed Systems,49,Good
16,98,51,59,3.93,IT21022: System Analysis and Design,46,Excellent
12,66,56,50,2.76,IT11042: Fundamentals of Computer Systems,29,Good
37,44,90,77,2.2,IT11012: Information Technology Concepts,36,Excellent
21,83,59,75,3.79,IT32073: Machine Learning,36,Excellent
41,63,75,82,2.93,IT32043: Cloud Computing and Virtualization,34,Excellent
25,71,62,96,1.92,IT32073: Machine Learning,26,Excellent
35,93,87,96,2.93,IT22022: Software Engineering,25,Excellent
36,86,52,95,2.14,IT11022: Fundamentals of Computer Programming,43,Excellent
6,65,46,62,1.84,IT41013: Data Mining and Data Warehousing,55,Average
43,68,71,55,3.53,IT32033: Cyber Security,26,Excellent
28,52,89,36,2.75,IT32043: Cloud Computing and Virtualization,46,Excellent
24,40,37,45,1.63,IT21043: Advanced Database Management Systems,52,Average
27,54,95,61,2.95,IT11022: Fundamentals of Computer Programming,23,Excellent
29,97,92,91,2.22,IT22022: Software Engineering,59,Excellent
26,88,81,71,3.56,IT22013: Data Structures and Algorithms,55,Excellent
41,72,37,82,2.18,IT32073: Machine Learning,45,Excellent
9,78,97,35,1.63,IT12072: Web Technologies,53,Good
34,86,84,69,3.32,IT31093: Essentials of Artificial Intelligence,14,Excellent
34,58,46,92,2.58,IT21013: Rapid Application Development,59,Excellent
30,76,91,52,2.57,IT21043: Advanced Database Management Systems,13,Excellent
5,97,30,63,2.1,IT12072: Web Technologies,55,Good
29,79,30,45,2.79,IT12033: Fundamentals of Database Management Systems,6,Excellent
26,68,96,55,2.39,IT32043: Cloud Computing and Virtualization,38,Excellent
26,96,58,98,1.74,IT12072: Web Technologies,31,Excellent
9,51,45,77,3.52,IT31062: Information and Data Security,37,Good
37,69,52,39,3.87,IT21043: Advanced Database Management Systems,37,Excellent
38,91,39,48,2.76,IT12042: Computer Systems Architecture,2,Excellent
9,84,33,45,1.68,IT22013: Data Structures and Algorithms,56,Average
6,88,61,53,3.19,IT12072: Web Technologies,36,Excellent
37,72,90,80,3.55,IT12033: Fundamentals of Database Management Systems,13,Excellent
7,40,62,69,3.76,IT12023: Object Oriented Programming,45,Good
33,52,41,75,1.55,IT12042: Computer Systems Architecture,52,Good
39,62,37,55,3.2,IT11042: Fundamentals of Computer Systems,35,Excellent
11,43,87,58,1.6,IT12042: Computer Systems Architecture,26,Average
25,96,65,39,2.56,IT12023: Object Oriented Programming,25,Excellent
39,88,65,53,3.67,IT11012: Information Technology Concepts,33,Excellent
41,51,84,42,3.35,IT32012: Distributed Systems,36,Excellent
34,56,91,42,3.74,IT12072: Web Technologies,50,Excellent
40,51,90,48,1.73,IT12033: Fundamentals of Database Management Systems,8,Excellent
32,53,81,45,2.62,IT41032: Advanced Computer Network Systems II,36,Excellent
16,64,81,82,3.48,IT12072: Web Technologies,58,Excellent
43,84,82,71,3.94,IT31093: Essentials of Artificial Intelligence,15,Excellent
35,97,34,64,3.72,IT32043: Cloud Computing and Virtualization,44,Excellent
15,57,38,87,3.05,IT21013: Rapid Application Development,39,Good
11,85,42,69,1.68,IT12062: Computer Network Systems I,51,Good
31,97,95,34,2.78,IT22022: Software Engineering,39,Excellent
23,47,94,46,3.87,IT32073: Machine Learning,26,Excellent
8,75,99,60,2.7,IT11042: Fundamentals of Computer Systems,45,Excellent
43,66,48,68,2.59,IT11022: Fundamentals of Computer Programming,46,Excellent
17,89,87,49,1.8,IT32033: Cyber Security,42,Excellent
43,40,32,91,2.5,IT21022: System Analysis and Design,50,Excellent
29,95,62,67,2.59,IT11042: Fundamentals of Computer Systems,59,Excellent
36,84,90,76,3.73,IT12062: Computer Network Systems I,55,Excellent
25,50,65,48,3.92,IT32033: Cyber Security,19,Excellent
18,54,60,30,3.07,IT12062: Computer Network Systems I,55,Good
7,55,86,41,3.9,IT41013: Data Mining and Data Warehousing,17,Excellent
12,77,53,57,2.34,IT21022: System Analysis and Design,59,Good
32,75,37,87,2.07,IT11042: Fundamentals of Computer Systems,29,Excellent
32,76,70,93,2.63,IT11042: Fundamentals of Computer Systems,18,Excellent
13,72,58,42,3.78,IT41013: Data Mining and Data Warehousing,7,Excellent
22,90,98,76,3.8,IT12042: Computer Systems Architecture,11,Excellent
34,89,34,62,3.44,IT11012: Information Technology Concepts,19,Excellent
36,86,78,40,2.99,IT31042: Mobile Computing,26,Excellent
26,98,56,78,3.6,IT21013: Rapid Application Development,35,Excellent
39,40,50,84,3.66,IT32043: Cloud Computing and Virtualization,18,Excellent
9,70,34,32,2.89,IT12033: Fundamentals of Database Management Systems,38,Good
41,49,46,30,3.89,IT32033: Cyber Security,14,Excellent
8,40,61,63,2.4,IT12033: Fundamentals of Database Management Systems,9,Average
43,65,63,83,3.43,IT12042: Computer Systems Architecture,51,Excellent
16,40,83,34,1.72,IT32073: Machine Learning,58,Average
21,87,76,52,3.39,IT22022: Software Engineering,22,Excellent
18,41,80,67,3.04,IT12042: Computer Systems Architecture,35,Good
42,89,59,80,3.76,IT21043: Advanced Database Management Systems,53,Excellent
42,72,59,80,3.24,IT22022: Software Engineering,30,Excellent
8,49,85,46,2.73,IT12062: Computer Network Systems I,21,Good
28,44,63,35,2.73,IT32043: Cloud Computing and Virtualization,14,Good
15,90,52,84,2.96,IT32073: Machine Learning,12,Excellent
20,47,33,33,2.36,IT22013: Data Structures and Algorithms,4,Average
36,42,56,61,1.93,IT31062: Information and Data Security,59,Good
23,60,34,71,1.94,IT41043: Database Administration,22,Good
10,40,34,41,2.02,IT11022: Fundamentals of Computer Programming,35,Poor
18,65,74,56,1.6,IT41032: Advanced Computer Network Systems II,58,Good
26,86,85,92,2.44,IT32033: Cyber Security,18,Excellent
30,75,30,37,3.37,IT21013: Rapid Application Development,53,Excellent
19,86,85,43,3.05,IT21013: Rapid Application Development,24,Excellent
18,63,31,55,1.59,IT21043: Advanced Database Management Systems,57,Average
11,42,52,47,2.62,IT41013: Data Mining and Data Warehousing,36,Average
19,64,57,68,2.31,IT32043: Cloud Computing and Virtualization,40,Good
26,65,73,54,3.73,IT31062: Information and Data Security,21,Excellent
29,43,39,96,3.12,IT22013: Data Structures and Algorithms,19,Excellent
40,86,63,37,2.97,IT11022: Fundamentals of Computer Programming,45,Excellent
23,81,70,35,3.75,IT22032: Operating Systems,35,Excellent
10,76,62,82,1.75,IT11022: Fundamentals of Computer Programming,7,Good
10,94,33,91,2.21,IT32073: Machine Learning,32,Excellent
28,94,38,32,2.81,IT32073: Machine Learning,41,Excellent
41,75,53,35,2.49,IT21043: Advanced Database Management Systems,29,Excellent
15,43,35,80,3.55,IT22013: Data Structures and Algorithms,3,Good
19,50,37,55,2.2,IT22013: Data Structures and Algorithms,45,Average
9,45,55,97,2.56,IT32033: Cyber Security,34,Good
24,88,41,76,3.27,IT21022: System Analysis and Design,15,Excellent
42,76,40,32,1.63,IT22022: Software Engineering,51,Excellent
14,44,52,39,3.97,IT11012: Information Technology Concepts,14,Good
44,41,94,92,3.2,IT31062: Information and Data Security,18,Excellent
13,50,44,53,3.02,IT12072: Web Technologies,36,Good
34,70,78,98,3.58,IT22013: Data Structures and Algorithms,45,Excellent
18,92,38,63,1.95,IT12072: Web Technologies,36,Excellent
5,79,93,51,1.62,IT22022: Software Engineering,30,Good
12,50,43,89,1.91,IT31062: Information and Data Security,22,Average
41,44,55,91,2.4,IT21043: Advanced Database Management Systems,46,Excellent
29,57,69,68,3.28,IT32033: Cyber Security,33,Excellent
42,72,52,92,2.76,IT32043: Cloud Computing and Virtualization,26,Excellent
21,72,95,82,3.77,IT21043: Advanced Database Management Systems,52,Excellent
43,90,99,35,2.33,IT31093: Essentials of Artificial Intelligence,52,Excellent
12,81,93,44,3.7,IT22032: Operating Systems,34,Excellent
34,78,56,65,3.99,IT31062: Information and Data Security,58,Excellent
37,76,56,84,1.86,IT12023: Object Oriented Programming,5,Excellent
26,41,39,34,3.69,IT11012: Information Technology Concepts,34,Good
42,52,60,76,3.62,IT31093: Essentials of Artificial Intelligence,25,Excellent
19,68,37,34,2.72,IT12062: Computer Network Systems I,5,Good
16,84,31,56,3.1,IT32043: Cloud Computing and Virtualization,52,Excellent
40,75,55,72,3.0,IT12033: Fundamentals of Database Management Systems,21,Excellent
15,49,67,35,2.5,IT32033: Cyber Security,48,Good
30,85,41,42,1.85,IT11012: Information Technology Concepts,19,Excellent
29,72,89,72,3.83,IT22013: Data Structures and Algorithms,37,Excellent
8,44,66,60,3.02,IT11042: Fundamentals of Computer Systems,55,Good
33,53,69,70,3.81,IT31042: Mobile Computing,24,Excellent
5,85,50,65,1.81,IT12072: Web Technologies,58,Good
5,93,84,69,3.02,IT12042: Computer Systems Architecture,48,Excellent
13,92,38,81,3.47,IT12072: Web Technologies,27,Excellent
39,91,54,67,2.37,IT41032: Advanced Computer Network Systems II,19,Excellent
31,73,46,72,1.58,IT21022: System Analysis and Design,52,Excellent
28,64,81,99,1.58,IT21022: System Analysis and Design,34,Excellent
33,82,51,55,1.53,IT41013: Data Mining and Data Warehousing,22,Excellent
11,56,78,49,2.54,IT32043: Cloud Computing and Virtualization,29,Good
44,88,30,42,2.49,IT22013: Data Structures and Algorithms,52,Excellent
23,71,59,58,3.06,IT11012: Information Technology Concepts,30,Excellent
34,55,69,48,1.66,IT41043: Database Administration,15,Good
6,93,67,80,1.89,IT12042: Computer Systems Architecture,2,Excellent
12,68,84,32,2.43,IT31093: Essentials of Artificial Intelligence,11,Good
23,85,63,84,1.89,IT11042: Fundamentals of Computer Systems,51,Excellent
11,68,37,94,2.88,IT31042: Mobile Computing,4,Excellent
28,62,88,83,2.35,IT12042: Computer Systems Architecture,38,Excellent
7,90,37,63,3.51,IT22032: Operating Systems,25,Excellent
18,71,75,45,2.49,IT32043: Cloud Computing and Virtualization,38,Excellent
25,53,84,77,1.72,IT32043: Cloud Computing and Virtualization,11,Good
11,72,52,48,1.81,IT12033: Fundamentals of Database Management Systems,20,Good
40,68,89,31,3.78,IT32043: Cloud Computing and Virtualization,6,Excellent
24,50,31,96,2.98,IT32073: Machine Learning,13,Excellent
24,44,66,67,3.43,IT31093: Essentials of Artificial Intelligence,10,Excellent
38,92,73,53,1.79,IT11022: Fundamentals of Computer Programming,31,Excellent
27,71,43,38,2.85,IT11012: Information Technology Concepts,46,Excellent
29,78,51,33,1.83,IT41032: Advanced Computer Network Systems II,30,Good
38,62,66,99,3.79,IT12023: Object Oriented Programming,22,Excellent
40,80,67,63,2.89,IT12062: Computer Network Systems I,26,Excellent
42,97,56,86,2.17,IT41032: Advanced Computer Network Systems II,28,Excellent
44,73,41,82,1.94,IT32073: Machine Learning,46,Excellent
21,65,91,75,1.62,IT32012: Distributed Systems,55,Excellent
5,90,82,65,3.43,IT21022: System Analysis and Design,30,Excellent
25,50,69,40,2.39,IT12062: Computer Network Systems I,50,Good
43,79,83,84,3.16,IT21013: Rapid Application Development,55,Excellent
26,44,85,62,2.17,IT21022: System Analysis and Design,48,Good
24,58,91,55,2.69,IT32043: Cloud Computing and Virtualization,10,Excellent
13,79,46,30,2.74,IT32043: Cloud Computing and Virtualization,44,Good
44,81,54,68,1.69,IT32043: Cloud Computing and Virtualization,51,Excellent
41,83,73,80,2.18,IT41043: Database Administration,35,Excellent
16,58,73,88,3.79,IT32073: Machine Learning,18,Excellent
14,96,84,76,1.72,IT12033: Fundamentals of Database Management Systems,17,Excellent
28,58,37,50,3.4,IT32043: Cloud Computing and Virtualization,38,Excellent
20,45,54,41,2.05,IT31042: Mobile Computing,27,Average
30,86,61,39,2.97,IT22022: Software Engineering,18,Excellent
27,65,36,43,1.8,IT32073: Machine Learning,8,Good
13,90,77,88,3.86,IT11022: Fundamentals of Computer Programming,19,Excellent
35,69,68,47,2.81,IT12023: Object Oriented Programming,40,Excellent
21,53,60,53,2.08,IT22032: Operating Systems,46,Good
38,42,66,72,2.35,IT12023: Object Oriented Programming,56,Excellent
27,83,68,44,3.51,IT12033: Fundamentals of Database Management Systems,5,Excellent
33,61,54,42,3.06,IT21022: System Analysis and Design,17,Excellent
6,94,71,63,1.55,IT12062: Computer Network Systems I,56,Good
17,52,47,61,3.83,IT22013: Data Structures and Algorithms,40,Excellent
33,88,91,86,2.95,IT12062: Computer Network Systems I,45,Excellent
14,69,54,34,3.33,IT22032: Operating Systems,50,Good
7,84,43,59,3.63,IT22032: Operating Systems,19,Excellent
41,64,77,94,3.78,IT32033: Cyber Security,16,Excellent
13,54,78,97,2.05,IT41013: Data Mining and Data Warehousing,59,Good
41,76,72,99,3.96,IT12062: Computer Network Systems I,47,Excellent
28,50,91,54,3.36,IT41032: Advanced Computer Network Systems II,5,Excellent
12,59,92,83,3.02,IT12033: Fundamentals of Database Management Systems,46,Excellent
14,82,86,70,1.97,IT32043: Cloud Computing and Virtualization,4,Excellent
10,44,34,83,3.92,IT41043: Database Administration,50,Good
13,74,49,90,2.15,IT32033: Cyber Security,36,Good
22,56,32,61,2.66,IT21043: Advanced Database Management Systems,14,Good
29,48,97,43,3.65,IT22013: Data Structures and Algorithms,12,Excellent
7,98,58,38,1.61,IT32012: Distributed Systems,35,Good
16,81,38,69,3.83,IT22032: Operating Systems,12,Excellent
38,63,67,34,1.62,IT41013: Data Mining and Data Warehousing,19,Excellent
10,76,89,77,3.21,IT32043: Cloud Computing and Virtualization,6,Excellent
17,56,69,74,2.7,IT11042: Fundamentals of Computer Systems,30,Excellent
7,95,69,69,2.91,IT22013: Data Structures and Algorithms,46,Excellent
37,45,48,69,2.11,IT22022: Software Engineering,49,Excellent
17,82,74,82,3.2,IT32012: Distributed Systems,28,Excellent
42,99,36,34,3.7,IT11042: Fundamentals of Computer Systems,59,Excellent
35,62,71,39,3.55,IT21013: Rapid Application Development,54,Excellent
34,78,60,31,3.58,IT41032: Advanced Computer Network Systems II,30,Excellent
16,78,95,42,3.04,IT31042: Mobile Computing,50,Excellent
21,79,89,93,2.85,IT21043: Advanced Database Management Systems,36,Excellent
10,58,59,92,2.48,IT12042: Computer Systems Architecture,16,Good
34,76,51,97,1.93,IT11022: Fundamentals of Computer Programming,37,Excellent
8,66,93,46,3.43,IT31062: Information and Data Security,18,Excellent
14,93,94,51,3.05,IT41013: Data Mining and Data Warehousing,19,Excellent
18,86,58,65,3.12,IT31042: Mobile Computing,53,Excellent
16,46,58,40,3.55,IT11012: Information Technology Concepts,48,Good
19,71,80,87,1.5,IT11012: Information Technology Concepts,35,Excellent
38,68,33,42,3.64,IT32043: Cloud Computing and Virtualization,16,Excellent
33,68,61,31,3.43,IT41032: Advanced Computer Network Systems II,21,Excellent
26,50,56,96,3.88,IT31093: Essentials of Artificial Intelligence,45,Excellent
32,68,50,76,2.55,IT22022: Software Engineering,21,Excellent
10,58,86,98,3.96,IT22032: Operating Systems,2,Excellent
42,54,63,90,2.0,IT21043: Advanced Database Management Systems,50,Excellent
29,63,41,47,3.66,IT12072: Web Technologies,17,Excellent
31,47,89,75,2.01,IT32033: Cyber Security,30,Excellent
12,54,56,75,2.83,IT22032: Operating Systems,8,Good
7,68,93,73,1.58,IT21022: System Analysis and Design,59,Good
7,59,75,44,2.7,IT12042: Computer Systems Architecture,15,Good
11,56,38,67,2.06,IT31042: Mobile Computing,23,Average
6,63,40,93,2.64,IT22032: Operating Systems,9,Good
25,57,93,67,2.23,IT22022: Software Engineering,46,Excellent
29,72,70,37,3.31,IT41032: Advanced Computer Network Systems II,52,Excellent
28,80,46,75,1.86,IT11042: Fundamentals of Computer Systems,17,Excellent
26,67,49,62,2.9,IT11042: Fundamentals of Computer Systems,33,Excellent
37,41,62,59,1.58,IT12062: Computer Network Systems I,53,Good
30,61,95,67,2.92,IT32043: Cloud Computing and Virtualization,47,Excellent
19,73,73,78,3.88,IT22013: Data Structures and Algorithms,4,Excellent
10,48,35,61,2.25,IT11022: Fundamentals of Computer Programming,13,Average
12,47,79,91,3.46,IT12023: Object Oriented Programming,48,Excellent
11,50,33,35,3.54,IT11022: Fundamentals of Computer Programming,27,Good
7,80,89,43,1.7,IT11042: Fundamentals of Computer Systems,55,Good
16,62,41,42,2.7,IT32043: Cloud Computing and Virtualization,52,Good
23,94,74,37,3.68,IT12062: Computer Network Systems I,54,Excellent
36,90,73,99,3.3,IT32073: Machine Learning,23,Excellent
41,71,85,88,3.13,IT31093: Essentials of Artificial Intelligence,11,Excellent
39,68,83,92,2.01,IT22013: Data Structures and Algorithms,8,Excellent
16,88,60,87,3.36,IT31042: Mobile Computing,21,Excellent
41,43,49,89,1.6,IT12042: Computer Systems Architecture,50,Excellent
36,80,65,95,2.99,IT32043: Cloud Computing and Virtualization,37,Excellent
10,78,71,87,3.78,IT12023: Object Oriented Programming,13,Excellent
7,84,47,69,3.59,IT32073: Machine Learning,34,Excellent
39,65,37,71,2.09,IT41032: Advanced Computer Network Systems II,15,Excellent
6,94,66,98,1.67,IT22013: Data Structures and Algorithms,42,Excellent
18,95,31,99,3.13,IT32073: Machine Learning,26,Excellent
32,41,64,34,2.31,IT21013: Rapid Application Development,41,Good
16,95,65,74,2.09,IT41032: Advanced Computer Network Systems II,32,Excellent
15,49,96,43,2.33,IT41032: Advanced Computer Network Systems II,30,Good
14,51,30,34,2.12,IT41013: Data Mining and Data Warehousing,44,Average
16,40,86,93,2.4,IT32073: Machine Learning,29,Good
41,86,66,78,3.61,IT22022: Software Engineering,45,Excellent
32,86,35,90,1.59,IT12042: Computer Systems Architecture,15,Excellent
6,48,66,49,1.63,IT22032: Operating Systems,2,Average
39,45,88,98,1.76,IT12023: Object Oriented Programming,52,Excellent
18,51,49,82,2.7,IT11042: Fundamentals of Computer Systems,44,Good
38,64,79,58,3.67,IT22022: Software Engineering,32,Excellent
27,83,67,52,1.57,IT12023: Object Oriented Programming,46,Excellent
20,89,37,30,3.33,IT31062: Information and Data Security,30,Excellent
36,77,34,76,3.23,IT32012: Distributed Systems,56,Excellent
30,82,59,46,3.58,IT12033: Fundamentals of Database Management Systems,48,Excellent
44,88,75,97,3.19,IT22032: Operating Systems,20,Excellent
35,55,43,82,3.17,IT11012: Information Technology Concepts,42,Excellent
30,67,95,93,1.62,IT21043: Advanced Database Management Systems,10,Excellent
37,80,77,42,3.46,IT31042: Mobile Computing,14,Excellent
35,80,97,33,3.17,IT11042: Fundamentals of Computer Systems,7,Excellent
38,57,42,52,2.59,IT21022: System Analysis and Design,12,Excellent
5,63,83,44,3.08,IT12033: Fundamentals of Database Management Systems,59,Good
11,54,50,48,2.47,IT11022: Fundamentals of Computer Programming,26,Average
37,88,64,73,1.54,IT11022: Fundamentals of Computer Programming,12,Excellent
39,47,95,75,2.75,IT11042: Fundamentals of Computer Systems,22,Excellent
30,47,77,95,2.7,IT32073: Machine Learning,54,Excellent
33,65,54,41,1.87,IT31042: Mobile Computing,49,Good
41,54,73,44,2.49,IT32073: Machine Learning,24,Excellent
10,85,72,50,1.99,IT41032: Advanced Computer Network Systems II,56,Good
20,86,44,54,3.14,IT12042: Computer Systems Architecture,52,Excellent
19,43,50,42,2.38,IT21013: Rapid Application Development,35,Average
18,43,81,56,3.82,IT31093: Essentials of Artificial Intelligence,29,Excellent
39,47,45,65,3.29,IT41032: Advanced Computer Network Systems II,3,Excellent
17,43,36,68,2.81,IT31093: Essentials of Artificial Intelligence,8,Good
40,59,97,36,3.54,IT31042: Mobile Computing,45,Excellent
17,94,51,50,3.71,IT21043: Advanced Database Management Systems,10,Excellent
30,48,44,39,1.94,IT31062: Information and Data Security,58,Good
12,63,78,55,2.14,IT41013: Data Mining and Data Warehousing,5,Good
28,58,89,68,3.17,IT21022: System Analysis and Design,19,Excellent
23,75,84,98,1.92,IT12033: Fundamentals of Database Management Systems,36,Excellent
38,72,50,51,1.56,IT22022: Software Engineering,16,Excellent
39,67,61,40,2.08,IT22032: Operating Systems,15,Excellent
17,96,54,31,2.19,IT22022: Software Engineering,8,Excellent
25,57,96,71,2.57,IT11042: Fundamentals of Computer Systems,40,Excellent
15,78,53,89,3.55,IT32073: Machine Learning,5,Excellent
30,77,71,61,2.19,IT31093: Essentials of Artificial Intelligence,47,Excellent
40,79,65,32,2.5,IT41043: Database Administration,34,Excellent
10,80,97,42,2.8,IT21013: Rapid Application Development,3,Excellent
9,83,56,61,2.85,IT22032: Operating Systems,39,Excellent
12,89,96,73,2.31,IT22022: Software Engineering,4,Excellent
26,45,31,73,3.15,IT12033: Fundamentals of Database Management Systems,18,Good
39,73,59,37,2.95,IT21043: Advanced Database Management Systems,59,Excellent
40,44,60,76,2.0,IT32043: Cloud Computing and Virtualization,17,Excellent
34,96,84,45,1.5,IT41032: Advanced Computer Network Systems II,17,Excellent
16,47,32,45,2.46,IT21013: Rapid Application Development,24,Average
32,90,34,94,3.61,IT32033: Cyber Security,22,Excellent
24,45,51,61,1.82,IT31042: Mobile Computing,17,Good
16,77,43,65,2.26,IT32043: Cloud Computing and Virtualization,51,Good
6,80,31,94,2.26,IT11042: Fundamentals of Computer Systems,53,Good
27,65,97,84,1.9,IT22022: Software Engineering,23,Excellent
19,61,89,41,3.83,IT41043: Database Administration,43,Excellent
42,57,74,64,3.19,IT31062: Information and Data Security,43,Excellent
34,53,35,96,3.48,IT31093: Essentials of Artificial Intelligence,53,Excellent
18,48,44,50,1.56,IT21013: Rapid Application Development,28,Average
6,74,49,39,3.56,IT31042: Mobile Computing,26,Good
37,75,43,94,3.02,IT41013: Data Mining and Data Warehousing,55,Excellent
7,74,70,35,1.87,IT41013: Data Mining and Data Warehousing,54,Average
38,47,50,97,1.84,IT31093: Essentials of Artificial Intelligence,5,Excellent
16,71,42,60,2.77,IT31042: Mobile Computing,19,Good
33,99,92,35,1.5,IT21043: Advanced Database Management Systems,44,Excellent
6,99,52,60,1.65,IT32012: Distributed Systems,20,Good
38,49,31,40,3.39,IT41013: Data Mining and Data Warehousing,32,Excellent
19,48,38,50,1.8,IT31042: Mobile Computing,47,Average
11,55,45,33,3.08,IT22022: Software Engineering,41,Good
21,76,81,81,3.14,IT21043: Advanced Database Management Systems,39,Excellent
43,89,92,92,2.62,IT21013: Rapid Application Development,36,Excellent
11,66,43,34,1.53,IT31062: Information and Data Security,3,Average
31,60,50,39,3.2,IT12042: Computer Systems Architecture,57,Excellent
43,44,94,42,1.53,IT41013: Data Mining and Data Warehousing,51,Excellent
25,92,74,61,2.72,IT31062: Information and Data Security,36,Excellent
15,60,81,84,1.87,IT11012: Information Technology Concepts,5,Good
38,91,81,58,2.65,IT11042: Fundamentals of Computer Systems,22,Excellent
17,88,93,46,3.15,IT41013: Data Mining and Data Warehousing,42,Excellent
5,41,89,77,2.14,IT41013: Data Mining and Data Warehousing,11,Average
44,60,57,63,2.47,IT11042: Fundamentals of Computer Systems,23,Excellent
12,88,46,89,2.63,IT41032: Advanced Computer Network Systems II,46,Excellent
23,44,61,73,2.78,IT22013: Data Structures and Algorithms,38,Good
12,52,72,30,1.68,IT12062: Computer Network Systems I,25,Average
39,63,46,34,2.77,IT21043: Advanced Database Management Systems,41,Excellent
35,85,40,81,3.44,IT41013: Data Mining and Data Warehousing,8,Excellent
32,90,87,34,2.87,IT32073: Machine Learning,55,Excellent
36,47,93,39,1.55,IT21043: Advanced Database Management Systems,33,Good
32,56,37,54,3.94,IT12042: Computer Systems Architecture,16,Excellent
7,88,65,97,3.44,IT22032: Operating Systems,42,Excellent
29,97,91,39,3.5,IT22013: Data Structures and Algorithms,13,Excellent
31,79,31,42,2.96,IT22022: Software Engineering,32,Excellent
20,71,61,40,1.61,IT41032: Advanced Computer Network Systems II,18,Good
44,57,84,54,2.44,IT31062: Information and Data Security,15,Excellent
29,89,51,59,3.82,IT12072: Web Technologies,45,Excellent
36,90,75,50,2.21,IT12023: Object Oriented Programming,33,Excellent
34,94,68,41,3.8,IT32043: Cloud Computing and Virtualization,19,Excellent
25,52,50,37,3.37,IT22022: Software Engineering,47,Excellent
11,62,51,51,2.85,IT12062: Computer Network Systems I,14,Good
22,41,58,81,3.54,IT41032: Advanced Computer Network Systems II,32,Excellent
19,90,52,73,3.33,IT12023: Object Oriented Programming,44,Excellent
41,72,85,32,2.24,IT12033: Fundamentals of Database Management Systems,20,Excellent
27,68,59,68,2.94,IT22013: Data Structures and Algorithms,26,Excellent
41,86,37,87,1.52,IT11042: Fundamentals of Computer Systems,2,Excellent
9,42,94,33,1.75,IT32043: Cloud Computing and Virtualization,33,Average
38,82,39,50,3.33,IT31062: Information and Data Security,40,Excellent
31,66,95,70,2.44,IT41043: Database Administration,10,Excellent
40,61,87,83,3.58,IT21043: Advanced Database Management Systems,15,Excellent
18,96,63,82,2.42,IT12023: Object Oriented Programming,12,Excellent
20,90,99,85,2.76,IT31062: Information and Data Security,59,Excellent
8,86,33,49,3.45,IT32043: Cloud Computing and Virtualization,55,Excellent
39,65,66,83,3.24,IT21013: Rapid Application Development,22,Excellent
14,77,75,33,1.95,IT21043: Advanced Database Management Systems,46,Good
24,56,33,43,3.31,IT12023: Object Oriented Programming,38,Good
20,97,84,33,1.63,IT32033: Cyber Security,25,Excellent
38,69,48,60,1.56,IT22032: Operating Systems,20,Excellent
23,61,53,59,3.95,IT31062: Information and Data Security,54,Excellent
35,75,93,48,2.6,IT22032: Operating Systems,37,Excellent
34,94,84,47,2.43,IT41013: Data Mining and Data Warehousing,50,Excellent
32,98,76,86,3.83,IT32033: Cyber Security,46,Excellent
37,56,99,33,2.74,IT22032: Operating Systems,48,Excellent
31,54,99,76,3.6,IT12033: Fundamentals of Database Management Systems,12,Excellent
43,48,45,98,1.96,IT11022: Fundamentals of Computer Programming,11,Excellent
7,52,99,80,3.85,IT32043: Cloud Computing and Virtualization,43,Excellent
39,85,55,98,3.6,IT41013: Data Mining and Data Warehousing,38,Excellent
24,88,50,93,2.71,IT12072: Web Technologies,7,Excellent
30,43,68,64,2.59,IT12023: Object Oriented Programming,58,Excellent
40,45,70,83,2.06,IT11022: Fundamentals of Computer Programming,45,Excellent
35,59,53,65,1.53,IT41043: Database Administration,25,Good
34,61,36,64,2.19,IT32012: Distributed Systems,15,Excellent
14,55,45,83,2.57,IT41013: Data Mining and Data Warehousing,26,Good
17,45,73,74,3.63,IT12042: Computer Systems Architecture,44,Excellent
24,57,86,50,2.83,IT41043: Database Administration,34,Excellent
31,46,99,44,1.55,IT12033: Fundamentals of Database Management Systems,57,Good
15,59,44,77,3.84,IT21022: System Analysis and Design,43,Excellent
30,83,43,86,2.74,IT11022: Fundamentals of Computer Programming,22,Excellent
22,44,32,66,2.91,IT12062: Computer Network Systems I,20,Good
29,60,41,90,1.79,IT32033: Cyber Security,51,Good
8,81,62,53,1.79,IT22013: Data Structures and Algorithms,35,Good
32,97,72,70,3.48,IT32043: Cloud Computing and Virtualization,50,Excellent
21,73,99,99,3.62,IT11022: Fundamentals of Computer Programming,11,Excellent
25,44,31,51,3.62,IT21013: Rapid Application Development,3,Good
14,73,45,80,3.13,IT41043: Database Administration,23,Excellent
16,63,69,67,3.52,IT11022: Fundamentals of Computer Programming,11,Excellent
39,90,92,78,2.0,IT12033: Fundamentals of Database Management Systems,8,Excellent
25,59,55,97,3.39,IT31062: Information and Data Security,23,Excellent
19,95,43,56,3.87,IT12023: Object Oriented Programming,41,Excellent
32,65,92,95,1.66,IT12062: Computer Network Systems I,4,Excellent
12,83,71,35,2.43,IT22013: Data Structures and Algorithms,24,Good
29,98,79,72,3.44,IT11022: Fundamentals of Computer Programming,52,Excellent
15,95,41,37,2.22,IT12042: Computer Systems Architecture,29,Good
40,76,84,38,2.49,IT31042: Mobile Computing,49,Excellent
44,57,71,89,3.24,IT21043: Advanced Database Management Systems,13,Excellent
6,46,32,32,3.74,IT31062: Information and Data Security,44,Average
44,77,62,30,1.58,IT22013: Data Structures and Algorithms,9,Excellent
41,71,77,33,3.5,IT21043: Advanced Database Management Systems,47,Excellent
23,71,38,41,3.35,IT22013: Data Structures and Algorithms,56,Excellent
20,40,92,50,3.31,IT22032: Operating Systems,35,Excellent
8,67,88,56,3.22,IT22022: Software Engineering,4,Excellent
37,43,54,49,3.73,IT12033: Fundamentals of Database Management Systems,6,Excellent
39,67,38,79,1.78,IT21043: Advanced Database Management Systems,45,Excellent
15,41,76,32,3.7,IT31062: Information and Data Security,31,Good
30,87,50,57,3.56,IT12033: Fundamentals of Database Management Systems,34,Excellent
25,74,81,63,2.37,IT11022: Fundamentals of Computer Programming,48,Excellent
22,97,86,52,3.05,IT41043: Database Administration,23,Excellent
21,44,40,44,2.13,IT41043: Database Administration,34,Average
24,55,63,95,2.29,IT31042: Mobile Computing,57,Excellent
32,86,68,99,3.64,IT31042: Mobile Computing,2,Excellent
12,94,92,96,3.24,IT41013: Data Mining and Data Warehousing,26,Excellent
42,54,92,50,1.58,IT22013: Data Structures and Algorithms,54,Excellent
18,75,46,68,3.52,IT12042: Computer Systems Architecture,14,Excellent
19,57,35,52,1.92,IT12072: Web Technologies,35,Average
42,53,91,64,2.53,IT22022: Software Engineering,15,Excellent
24,88,54,69,3.35,IT11042: Fundamentals of Computer Systems,27,Excellent
42,62,51,77,3.27,IT21043: Advanced Database Management Systems,47,Excellent
7,81,48,57,1.55,IT21022: System Analysis and Design,8,Average
18,48,48,76,2.62,IT31042: Mobile Computing,57,Good
42,92,90,65,1.74,IT22032: Operating Systems,31,Excellent
13,72,81,43,3.0,IT32012: Distributed Systems,36,Excellent
18,69,70,97,1.66,IT41013: Data Mining and Data Warehousing,29,Excellent
12,41,70,84,2.83,IT11012: Information Technology Concepts,50,Good
34,51,64,40,3.99,IT21043: Advanced Database Management Systems,51,Excellent
25,60,98,77,3.58,IT41013: Data Mining and Data Warehousing,4,Excellent
37,92,90,38,3.17,IT12062: Computer Network Systems I,18,Excellent
38,63,94,37,2.79,IT22022: Software Engineering,48,Excellent
44,51,83,75,3.43,IT12042: Computer Systems Architecture,42,Excellent
23,65,81,51,3.02,IT22032: Operating Systems,52,Excellent
42,59,58,80,2.09,IT22013: Data Structures and Algorithms,8,Excellent
32,67,33,51,3.47,IT22032: Operating Systems,4,Excellent
26,83,95,63,2.68,IT12042: Computer Systems Architecture,42,Excellent
5,47,67,35,3.73,IT22022: Software Engineering,19,Good
21,51,35,56,1.85,IT41013: Data Mining and Data Warehousing,43,Average
5,96,69,43,3.03,IT12072: Web Technologies,46,Excellent
24,95,78,42,2.84,IT32012: Distributed Systems,50,Excellent
12,82,49,68,3.51,IT11022: Fundamentals of Computer Programming,50,Excellent
13,63,66,78,3.04,IT22032: Operating Systems,25,Excellent
25,90,88,68,2.94,IT22022: Software Engineering,40,Excellent
17,50,48,40,1.83,IT41043: Database Administration,47,Average
5,79,48,90,3.29,IT11012: Information Technology Concepts,13,Excellent
37,84,98,37,3.66,IT21043: Advanced Database Management Systems,47,Excellent
